{
    "rowLen": 5513,
    "endPattern": 2,
    "songData": [
        {
            "osc1_oct": 7,
            "osc1_det": 0,
            "osc1_detune": 0,
            "osc1_xenv": 0,
            "osc1_vol": 192,
            "osc1_waveform": 1,
            "osc2_oct": 6,
            "osc2_det": 0,
            "osc2_detune": 9,
            "osc2_xenv": 0,
            "osc2_vol": 192,
            "osc2_waveform": 1,
            "noise_fader": 0,
            "env_attack": 137,
            "env_sustain": 2000,
            "env_release": 4611,
            "env_master": 192,
            "fx_filter": 1,
            "fx_freq": 982,
            "fx_resonance": 89,
            "fx_delay_time": 6,
            "fx_delay_amt": 25,
            "fx_pan_freq": 6,
            "fx_pan_amt": 77,
            "lfo_osc1_freq": 0,
            "lfo_fx_freq": 1,
            "lfo_freq": 3,
            "lfo_amt": 69,
            "lfo_waveform": 0,
            "p": [
                2
            ],
            "c": [
                {
                    "n": [
                        0,
                        0,
                        0,
                        0,
                        0,
                        0,
                        0,
                        0,
                        0,
                        0,
                        0,
                        0,
                        0,
                        0,
                        0,
                        0,
                        0,
                        0,
                        0,
                        0,
                        0,
                        0,
                        0,
                        0,
                        0,
                        0,
                        0,
                        0,
                        0,
                        0,
                        0,
                        0
                    ]
                },
                {
                    "n": [
                        160,
                        0,
                        0,
                        0,
                        0,
                        0,
                        162,
                        0,
                        0,
                        0,
                        0,
                        0,
                        0,
                        0,
                        0,
                        0,
                        0,
                        0,
                        0,
                        0,
                        0,
                        0,
                        0,
                        0,
                        0,
                        0,
                        0,
                        0,
                        0,
                        0,
                        0,
                        0
                    ]
                }
            ]
        }
    ],
    "songLen": 9
}